,theta,tau
X,0.009875,
ABCD,0.044187,
ABCDX,0.036595,0.010226
