,theta,tau
Al,0.001429,
GeTr,0.007621,
GeTrAl,0.005656,0.001545
