,theta,tau
X,0.009857,
A,0.013845,
B,0.020235,
C,0.021222,
D,0.026344,
ABCDX,0.0368,0.010158
ABCD,0.043277,0.000686
AB,0.01285,0.000338
CD,0.020491,0.000296
