,theta,tau
Al,0.001471,
Ge,0.003273,
Tr,0.001942,
GeTrAl,0.005674,0.001495
GeTr,0.0108,0.000219
