,theta,tau
X,0.009885,
ABCD,0.044179,
ABCDX,0.036557,0.010259
