,theta,tau
Al,0.001489,
Ge,0.003605,
Tr,0.002529,
GeTrAl,0.005742,0.001501
GeTr,0.011818,0.000613
