,theta,tau
Al,0.00146,
Ge,0.001187,
Tr,0.004653,
GeTrAl,0.005722,0.001515
GeTr,0.010207,0.000229
