,theta,tau
Al,0.001508,
GeTr,0.007604,
GeTrAl,0.005843,0.001543
