,theta,tau
Al,0.001417,
Ge,0.003536,
Tr,0.001197,
GeTrAl,0.005608,0.001517
GeTr,0.010684,0.000133
