,theta,tau
Al,0.001495,
GeTr,0.007701,
GeTrAl,0.005696,0.001573
