,theta,tau
X,0.009869,
AB,0.019473,
CD,0.028624,
ABCDX,0.03673,0.010199
ABCD,0.042879,0.000691
