,theta,tau
Al,0.001481,
GeTr,0.007555,
GeTrAl,0.005982,0.001481
