,theta,tau
Al,0.001268,
Ge,0.002311,
Tr,0.001076,
GeTrAl,0.00434,0.001597
GeTr,0.003158,0.001099
