,theta,tau
Al,0.001454,
GeTr,0.007561,
GeTrAl,0.005947,0.001478
