,theta,tau
Al,0.00149,
Ge,0.001393,
Tr,0.004106,
GeTrAl,0.005755,0.001517
GeTr,0.010011,0.000164
